,annealing_loss_improvement_pct,batch_size,bptt,clip,cuda,datapath,device,dropout,dry_run,emsize,epochs,log_interval,lr,rnn_type,nhead,hidden_size,num_layers,onnx_export,save,filename,seed,tied,best_val_loss,epoch_num,epoch_time,val_loss,val_perplexity,test_loss,test_perplexity
0,1.0,20,35,0.25,True,./data/wikitext-2,,0.0,False,200,1,200,0.5,RNN_TANH,2,200,1,,model.pt,model_epochs_1_rnn_type_RNN_TANH_hidden_size_200_batch_size_20_bptt_35_num_layers_1,1111,False,,1,22.678797483444214,6.589879640749783,727.6932800102375,6.5197692133369145,678.4217965682432
1,1.0,20,35,0.25,True,./data/wikitext-2,,0.0,False,200,1,200,0.5,RNN_TANH,2,200,2,,model.pt,model_epochs_1_rnn_type_RNN_TANH_hidden_size_200_batch_size_20_bptt_35_num_layers_2,1111,False,,1,32.10663914680481,7.280081407143651,1451.1061507131226,6.837989091348831,932.6118505998143
2,1.0,20,35,0.25,True,./data/wikitext-2,,0.0,False,200,1,200,0.5,RNN_TANH,2,200,3,,model.pt,model_epochs_1_rnn_type_RNN_TANH_hidden_size_200_batch_size_20_bptt_35_num_layers_3,1111,False,,1,38.04258060455322,6.731550612439567,838.4463638568692,6.661679442701583,781.8629291006724
3,1.0,20,35,0.25,True,./data/wikitext-2,,0.0,False,200,1,200,0.5,RNN_TANH,2,200,5,,model.pt,model_epochs_1_rnn_type_RNN_TANH_hidden_size_200_batch_size_20_bptt_35_num_layers_5,1111,False,,1,55.45732569694519,6.961125626128864,1054.8202224499862,6.897221070154682,989.5210816329575
4,1.0,20,35,0.25,True,./data/wikitext-2,,0.0,False,200,1,200,2.0,RNN_TANH,2,200,1,,model.pt,model_epochs_1_rnn_type_RNN_TANH_hidden_size_200_batch_size_20_bptt_35_num_layers_1,1111,False,,1,22.612857818603516,6.186038631275837,485.9173906061095,6.109469596887339,450.09991744647
5,1.0,20,35,0.25,True,./data/wikitext-2,,0.0,False,200,1,200,2.0,RNN_TANH,2,200,2,,model.pt,model_epochs_1_rnn_type_RNN_TANH_hidden_size_200_batch_size_20_bptt_35_num_layers_2,1111,False,,1,32.4272243976593,6.107358664079752,449.1507888897902,6.021574140595159,412.2269884991012
6,1.0,20,35,0.25,True,./data/wikitext-2,,0.0,False,200,1,200,2.0,RNN_TANH,2,200,3,,model.pt,model_epochs_1_rnn_type_RNN_TANH_hidden_size_200_batch_size_20_bptt_35_num_layers_3,1111,False,,1,38.29824686050415,6.158620343840678,472.77535724185117,6.074285092159233,434.53873629526544
7,1.0,20,35,0.25,True,./data/wikitext-2,,0.0,False,200,1,200,2.0,RNN_TANH,2,200,5,,model.pt,model_epochs_1_rnn_type_RNN_TANH_hidden_size_200_batch_size_20_bptt_35_num_layers_5,1111,False,,1,55.48735952377319,6.2204176495480805,502.9132296475654,6.134720313584968,461.60996992498866
8,1.0,20,35,0.25,True,./data/wikitext-2,,0.2,False,200,1,200,0.5,RNN_TANH,2,200,1,,model.pt,model_epochs_1_rnn_type_RNN_TANH_hidden_size_200_batch_size_20_bptt_35_num_layers_1,1111,False,,1,22.73819065093994,6.929359436035156,1021.839216556221,6.454903537038387,635.8123909482596
9,1.0,20,35,0.25,True,./data/wikitext-2,,0.2,False,200,1,200,0.5,RNN_TANH,2,200,2,,model.pt,model_epochs_1_rnn_type_RNN_TANH_hidden_size_200_batch_size_20_bptt_35_num_layers_2,1111,False,,1,35.51360273361206,7.4973761203391796,1803.3045472538151,6.7131117497747335,823.1280268643507
10,1.0,20,35,0.25,True,./data/wikitext-2,,0.2,False,200,1,200,0.5,RNN_TANH,2,200,3,,model.pt,model_epochs_1_rnn_type_RNN_TANH_hidden_size_200_batch_size_20_bptt_35_num_layers_3,1111,False,,1,46.11614179611206,6.4469294309638,630.762516375624,6.3737007883576355,586.2233078227479
11,1.0,20,35,0.25,True,./data/wikitext-2,,0.2,False,200,1,200,0.5,RNN_TANH,2,200,5,,model.pt,model_epochs_1_rnn_type_RNN_TANH_hidden_size_200_batch_size_20_bptt_35_num_layers_5,1111,False,,1,67.8461127281189,6.51961644762262,678.3181648937824,6.452392920809227,634.2181121893273
12,1.0,20,35,0.25,True,./data/wikitext-2,,0.2,False,200,1,200,2.0,RNN_TANH,2,200,1,,model.pt,model_epochs_1_rnn_type_RNN_TANH_hidden_size_200_batch_size_20_bptt_35_num_layers_1,1111,False,,1,22.753430604934692,6.2109733280830115,498.18591372115077,6.132174686586623,460.4363775208578
13,1.0,20,35,0.25,True,./data/wikitext-2,,0.2,False,200,1,200,2.0,RNN_TANH,2,200,2,,model.pt,model_epochs_1_rnn_type_RNN_TANH_hidden_size_200_batch_size_20_bptt_35_num_layers_2,1111,False,,1,35.634994983673096,6.084803099185708,439.133338448018,5.999726490952288,403.3184671559206
14,1.0,20,35,0.25,True,./data/wikitext-2,,0.2,False,200,1,200,2.0,RNN_TANH,2,200,3,,model.pt,model_epochs_1_rnn_type_RNN_TANH_hidden_size_200_batch_size_20_bptt_35_num_layers_3,1111,False,,1,46.534271240234375,6.138809146693541,463.5012800439846,6.055093060315039,426.2785732271498
15,1.0,20,35,0.25,True,./data/wikitext-2,,0.2,False,200,1,200,2.0,RNN_TANH,2,200,5,,model.pt,model_epochs_1_rnn_type_RNN_TANH_hidden_size_200_batch_size_20_bptt_35_num_layers_5,1111,False,,1,68.00791120529175,6.241872675770971,513.8198284873064,6.158564694300433,472.7490482426304
16,1.0,20,35,0.25,True,./data/wikitext-2,,0.5,False,200,1,200,0.5,RNN_TANH,2,200,1,,model.pt,model_epochs_1_rnn_type_RNN_TANH_hidden_size_200_batch_size_20_bptt_35_num_layers_1,1111,False,,1,22.873117923736572,6.54827908292521,698.0418674092549,6.475868428074849,649.2828382930779
17,1.0,20,35,0.25,True,./data/wikitext-2,,0.5,False,200,1,200,0.5,RNN_TANH,2,200,2,,model.pt,model_epochs_1_rnn_type_RNN_TANH_hidden_size_200_batch_size_20_bptt_35_num_layers_2,1111,False,,1,35.783531188964844,6.470601103409019,645.8718460719797,6.393924267447188,598.1994743327829
18,1.0,20,35,0.25,True,./data/wikitext-2,,0.5,False,200,1,200,0.5,RNN_TANH,2,200,3,,model.pt,model_epochs_1_rnn_type_RNN_TANH_hidden_size_200_batch_size_20_bptt_35_num_layers_3,1111,False,,1,46.15124177932739,6.482659930462413,653.707452120322,6.408443995540476,606.9485313021418
19,1.0,20,35,0.25,True,./data/wikitext-2,,0.5,False,200,1,200,0.5,RNN_TANH,2,200,5,,model.pt,model_epochs_1_rnn_type_RNN_TANH_hidden_size_200_batch_size_20_bptt_35_num_layers_5,1111,False,,1,67.41095519065857,6.548717355609828,698.3478671432244,6.478120188881251,650.7465152473598
20,1.0,20,35,0.25,True,./data/wikitext-2,,0.5,False,200,1,200,2.0,RNN_TANH,2,200,1,,model.pt,model_epochs_1_rnn_type_RNN_TANH_hidden_size_200_batch_size_20_bptt_35_num_layers_1,1111,False,,1,22.870234489440918,6.215519461952997,500.45588947436875,6.138456701426433,463.3379499956766
21,1.0,20,35,0.25,True,./data/wikitext-2,,0.5,False,200,1,200,2.0,RNN_TANH,2,200,2,,model.pt,model_epochs_1_rnn_type_RNN_TANH_hidden_size_200_batch_size_20_bptt_35_num_layers_2,1111,False,,1,35.49359393119812,6.167248261324372,476.87207165583555,6.080334167056337,437.17525988164755
22,1.0,20,35,0.25,True,./data/wikitext-2,,0.5,False,200,1,200,2.0,RNN_TANH,2,200,3,,model.pt,model_epochs_1_rnn_type_RNN_TANH_hidden_size_200_batch_size_20_bptt_35_num_layers_3,1111,False,,1,46.23444223403931,6.185808848396906,485.80574793645184,6.103338583484577,447.34879103421997
23,1.0,20,35,0.25,True,./data/wikitext-2,,0.5,False,200,1,200,2.0,RNN_TANH,2,200,5,,model.pt,model_epochs_1_rnn_type_RNN_TANH_hidden_size_200_batch_size_20_bptt_35_num_layers_5,1111,False,,1,67.59112644195557,6.307254160341232,548.5366852500847,6.229937150558567,507.7235723500808
24,1.0,20,35,0.25,True,./data/wikitext-2,,0.0,False,200,12,200,0.5,RNN_TANH,2,200,1,,model.pt,model_epochs_12_rnn_type_RNN_TANH_hidden_size_200_batch_size_20_bptt_35_num_layers_1,1111,False,5.764419755628032,12,22.663882970809937,5.759030437066311,317.0407888548785,5.680450395097987,293.0814026274444
25,1.0,20,35,0.25,True,./data/wikitext-2,,0.0,False,200,12,200,0.5,RNN_TANH,2,200,2,,model.pt,model_epochs_12_rnn_type_RNN_TANH_hidden_size_200_batch_size_20_bptt_35_num_layers_2,1111,False,5.647062410754805,12,32.40477681159973,5.615305190511009,274.5971708594163,5.5302839549888745,252.2155187111611
26,1.0,20,35,0.25,True,./data/wikitext-2,,0.0,False,200,12,200,0.5,RNN_TANH,2,200,3,,model.pt,model_epochs_12_rnn_type_RNN_TANH_hidden_size_200_batch_size_20_bptt_35_num_layers_3,1111,False,5.616970124528224,12,38.795682191848755,5.58212317465947,265.63499697988897,5.504034285806742,245.68108337113992
27,1.0,20,35,0.25,True,./data/wikitext-2,,0.0,False,200,12,200,0.5,RNN_TANH,2,200,5,,model.pt,model_epochs_12_rnn_type_RNN_TANH_hidden_size_200_batch_size_20_bptt_35_num_layers_5,1111,False,5.7469453716111545,12,56.31353306770325,5.707621379389876,301.1538848299857,5.628236712797308,278.1711892382193
28,1.0,20,35,0.25,True,./data/wikitext-2,,0.0,False,200,12,200,2.0,RNN_TANH,2,200,1,,model.pt,model_epochs_12_rnn_type_RNN_TANH_hidden_size_200_batch_size_20_bptt_35_num_layers_1,1111,False,5.44083982056943,12,22.664475679397583,5.3214982515003255,204.69032996154556,5.228489867598243,186.51093453846522
29,1.0,20,35,0.25,True,./data/wikitext-2,,0.0,False,200,12,200,2.0,RNN_TANH,2,200,2,,model.pt,model_epochs_12_rnn_type_RNN_TANH_hidden_size_200_batch_size_20_bptt_35_num_layers_2,1111,False,5.352578627144016,12,32.45768189430237,5.3464277156759366,209.8572873558755,5.267296647990557,193.89109742974333
30,1.0,20,35,0.25,True,./data/wikitext-2,,0.0,False,200,12,200,2.0,RNN_TANH,2,200,3,,model.pt,model_epochs_12_rnn_type_RNN_TANH_hidden_size_200_batch_size_20_bptt_35_num_layers_3,1111,False,5.352212137142182,12,38.802310943603516,5.337364289331344,207.96385474398505,5.2567549059442875,191.85788313482186
31,1.0,20,35,0.25,True,./data/wikitext-2,,0.0,False,200,12,200,2.0,RNN_TANH,2,200,5,,model.pt,model_epochs_12_rnn_type_RNN_TANH_hidden_size_200_batch_size_20_bptt_35_num_layers_5,1111,False,5.365010781801313,12,54.73039674758911,5.359893906501032,212.7023789128158,5.276428194147781,195.66973141527984
32,1.0,20,35,0.25,True,./data/wikitext-2,,0.2,False,200,12,200,0.5,RNN_TANH,2,200,1,,model.pt,model_epochs_12_rnn_type_RNN_TANH_hidden_size_200_batch_size_20_bptt_35_num_layers_1,1111,False,5.721411495149141,12,22.746994256973267,5.70194588653218,299.44952921158085,5.621964841146485,276.43199494518075
33,1.0,20,35,0.25,True,./data/wikitext-2,,0.2,False,200,12,200,0.5,RNN_TANH,2,200,2,,model.pt,model_epochs_12_rnn_type_RNN_TANH_hidden_size_200_batch_size_20_bptt_35_num_layers_2,1111,False,5.598579143450197,12,35.54897594451904,5.566570209324026,261.5355470175052,5.484255416294044,240.86952968476464
34,1.0,20,35,0.25,True,./data/wikitext-2,,0.2,False,200,12,200,0.5,RNN_TANH,2,200,3,,model.pt,model_epochs_12_rnn_type_RNN_TANH_hidden_size_200_batch_size_20_bptt_35_num_layers_3,1111,False,5.595127506429642,12,46.27632236480713,5.567655395162137,261.81951574084223,5.486270184333194,241.3553151229374
35,1.0,20,35,0.25,True,./data/wikitext-2,,0.2,False,200,12,200,0.5,RNN_TANH,2,200,5,,model.pt,model_epochs_12_rnn_type_RNN_TANH_hidden_size_200_batch_size_20_bptt_35_num_layers_5,1111,False,5.657560495931034,12,67.25218319892883,5.6314968585573615,279.07954774741023,5.553082150939894,258.0316239706879
36,1.0,20,35,0.25,True,./data/wikitext-2,,0.2,False,200,12,200,2.0,RNN_TANH,2,200,1,,model.pt,model_epochs_12_rnn_type_RNN_TANH_hidden_size_200_batch_size_20_bptt_35_num_layers_1,1111,False,5.427752229508073,12,22.75286889076233,5.415980405442012,224.9730023483059,5.32142276718085,204.67487963442116
37,1.0,20,35,0.25,True,./data/wikitext-2,,0.2,False,200,12,200,2.0,RNN_TANH,2,200,2,,model.pt,model_epochs_12_rnn_type_RNN_TANH_hidden_size_200_batch_size_20_bptt_35_num_layers_2,1111,False,5.333794387580388,12,35.434054374694824,5.318003471913709,203.97623091101346,5.228101094654429,186.43843822660662
38,1.0,20,35,0.25,True,./data/wikitext-2,,0.2,False,200,12,200,2.0,RNN_TANH,2,200,3,,model.pt,model_epochs_12_rnn_type_RNN_TANH_hidden_size_200_batch_size_20_bptt_35_num_layers_3,1111,False,5.401936038672601,12,46.13551616668701,5.289328744159268,198.2103309018346,5.2074199348549755,182.62227247656656
39,1.0,20,35,0.25,True,./data/wikitext-2,,0.2,False,200,12,200,2.0,RNN_TANH,2,200,5,,model.pt,model_epochs_12_rnn_type_RNN_TANH_hidden_size_200_batch_size_20_bptt_35_num_layers_5,1111,False,5.3866515996186415,12,67.39918780326843,5.386523371266043,218.44261998115977,5.306295678467396,201.6020446920376
40,1.0,20,35,0.25,True,./data/wikitext-2,,0.5,False,200,12,200,0.5,RNN_TANH,2,200,1,,model.pt,model_epochs_12_rnn_type_RNN_TANH_hidden_size_200_batch_size_20_bptt_35_num_layers_1,1111,False,5.769231074501208,12,22.722071647644043,5.737914848169874,310.4164702177453,5.655369583826515,285.82209843322363
41,1.0,20,35,0.25,True,./data/wikitext-2,,0.5,False,200,12,200,0.5,RNN_TANH,2,200,2,,model.pt,model_epochs_12_rnn_type_RNN_TANH_hidden_size_200_batch_size_20_bptt_35_num_layers_2,1111,False,5.714732979426609,12,35.53267025947571,5.684387722213461,294.23763471932284,5.603401233680553,271.3477568052607
42,1.0,20,35,0.25,True,./data/wikitext-2,,0.5,False,200,12,200,0.5,RNN_TANH,2,200,3,,model.pt,model_epochs_12_rnn_type_RNN_TANH_hidden_size_200_batch_size_20_bptt_35_num_layers_3,1111,False,5.732135010799846,12,46.44026207923889,5.714359538408996,303.189959589331,5.635566841539366,280.217711339476
43,1.0,20,35,0.25,True,./data/wikitext-2,,0.5,False,200,12,200,0.5,RNN_TANH,2,200,5,,model.pt,model_epochs_12_rnn_type_RNN_TANH_hidden_size_200_batch_size_20_bptt_35_num_layers_5,1111,False,5.803355989621827,12,67.54623675346375,5.771163028387142,320.91074399892506,5.693567702152096,296.9511663299034
44,1.0,20,35,0.25,True,./data/wikitext-2,,0.5,False,200,12,200,2.0,RNN_TANH,2,200,1,,model.pt,model_epochs_12_rnn_type_RNN_TANH_hidden_size_200_batch_size_20_bptt_35_num_layers_1,1111,False,5.4937493916590325,12,23.129305362701416,5.4891553068849035,242.0526602649502,5.398863622533816,221.15495784481087
45,1.0,20,35,0.25,True,./data/wikitext-2,,0.5,False,200,12,200,2.0,RNN_TANH,2,200,2,,model.pt,model_epochs_12_rnn_type_RNN_TANH_hidden_size_200_batch_size_20_bptt_35_num_layers_2,1111,False,5.5171903238698805,12,35.52253532409668,5.528747040519227,251.82818275834362,5.430190547316395,228.19272279257356
46,1.0,20,35,0.25,True,./data/wikitext-2,,0.5,False,200,12,200,2.0,RNN_TANH,2,200,3,,model.pt,model_epochs_12_rnn_type_RNN_TANH_hidden_size_200_batch_size_20_bptt_35_num_layers_3,1111,False,5.551294680959041,12,46.42107272148132,5.55839370758741,259.40581988718054,5.471271397246594,237.76229099915898
47,1.0,20,35,0.25,True,./data/wikitext-2,,0.5,False,200,12,200,2.0,RNN_TANH,2,200,5,,model.pt,model_epochs_12_rnn_type_RNN_TANH_hidden_size_200_batch_size_20_bptt_35_num_layers_5,1111,False,5.650388990755785,12,67.70775580406189,5.610407277378854,273.2555061310177,5.525502017376098,251.01231894161646
48,1.0,20,35,0.25,True,./data/wikitext-2,,0.0,False,200,32,200,0.5,RNN_TANH,2,200,1,,model.pt,model_epochs_32_rnn_type_RNN_TANH_hidden_size_200_batch_size_20_bptt_35_num_layers_1,1111,False,5.380273276398193,32,22.84821653366089,5.383824981866147,217.85397128978914,5.294482087937514,199.2344133354157
49,1.0,20,35,0.25,True,./data/wikitext-2,,0.0,False,200,32,200,0.5,RNN_TANH,2,200,2,,model.pt,model_epochs_32_rnn_type_RNN_TANH_hidden_size_200_batch_size_20_bptt_35_num_layers_2,1111,False,5.321274078173865,32,32.35300135612488,5.294868124088988,199.3113398688371,5.215048287623071,184.0207066876317
50,1.0,20,35,0.25,True,./data/wikitext-2,,0.0,False,200,32,200,0.5,RNN_TANH,2,200,3,,model.pt,model_epochs_32_rnn_type_RNN_TANH_hidden_size_200_batch_size_20_bptt_35_num_layers_3,1111,False,5.274836134465781,32,37.3550546169281,5.272169519748203,194.83820958641948,5.196207857135842,180.58613336959738
51,1.0,20,35,0.25,True,./data/wikitext-2,,0.0,False,200,32,200,0.5,RNN_TANH,2,200,5,,model.pt,model_epochs_32_rnn_type_RNN_TANH_hidden_size_200_batch_size_20_bptt_35_num_layers_5,1111,False,5.38644145440227,32,56.17589497566223,5.377190839301005,216.41348047978698,5.2952304722636105,199.3835730550114
52,1.0,20,35,0.25,True,./data/wikitext-2,,0.0,False,200,32,200,2.0,RNN_TANH,2,200,1,,model.pt,model_epochs_32_rnn_type_RNN_TANH_hidden_size_200_batch_size_20_bptt_35_num_layers_1,1111,False,5.1810286556268785,32,22.903723001480103,5.180671309495759,177.80213119752946,5.1015167697357455,164.27087953393638
53,1.0,20,35,0.25,True,./data/wikitext-2,,0.0,False,200,32,200,2.0,RNN_TANH,2,200,2,,model.pt,model_epochs_32_rnn_type_RNN_TANH_hidden_size_200_batch_size_20_bptt_35_num_layers_2,1111,False,5.1433918443456665,32,32.48624300956726,5.143152795987427,171.25484967089025,5.064784843214581,158.34636911253767
54,1.0,20,35,0.25,True,./data/wikitext-2,,0.0,False,200,32,200,2.0,RNN_TANH,2,200,3,,model.pt,model_epochs_32_rnn_type_RNN_TANH_hidden_size_200_batch_size_20_bptt_35_num_layers_3,1111,False,5.116682668411932,32,38.78063678741455,5.116245884435623,166.70835099213673,5.040466277521849,154.54205771633548
55,1.0,20,35,0.25,True,./data/wikitext-2,,0.0,False,200,32,200,2.0,RNN_TANH,2,200,5,,model.pt,model_epochs_32_rnn_type_RNN_TANH_hidden_size_200_batch_size_20_bptt_35_num_layers_5,1111,False,5.1654050252683215,32,56.231871366500854,5.165412383179883,175.10965596103347,5.086792006441734,161.869751124397
56,1.0,20,35,0.25,True,./data/wikitext-2,,0.2,False,200,32,200,0.5,RNN_TANH,2,200,1,,model.pt,model_epochs_32_rnn_type_RNN_TANH_hidden_size_200_batch_size_20_bptt_35_num_layers_1,1111,False,5.4473620144258845,32,23.058321237564087,5.447287045334994,232.1275593459297,5.36692626039145,214.20344915709487
57,1.0,20,35,0.25,True,./data/wikitext-2,,0.2,False,200,32,200,0.5,RNN_TANH,2,200,2,,model.pt,model_epochs_32_rnn_type_RNN_TANH_hidden_size_200_batch_size_20_bptt_35_num_layers_2,1111,False,5.309664621082324,32,35.49684691429138,5.298526700986307,200.04187127005056,5.216672712927136,184.31987750458313
